日期,HS编码,商品名称,进出口类型,金额美元,数量,单位,国家地区
2024-01,851712,智能手机,出口,12500000000,85000000,台,美国
2024-01,851712,智能手机,出口,8700000000,59000000,台,欧盟
2024-01,851712,智能手机,出口,4200000000,28000000,台,东盟
2024-01,847130,笔记本电脑,出口,9800000000,12000000,台,美国
2024-01,847130,笔记本电脑,出口,6500000000,8000000,台,欧盟
2024-01,851761,无线耳机,出口,3800000000,45000000,副,美国
2024-01,851761,无线耳机,出口,2900000000,34000000,副,欧盟
2024-01,620342,棉制男裤,出口,2200000000,85000000,条,美国
2024-01,620342,棉制男裤,出口,1800000000,70000000,条,欧盟
2024-01,611020,棉制针织衫,出口,1950000000,92000000,件,美国
2024-01,940350,木质家具,出口,3100000000,8500000,件,美国
2024-01,940350,木质家具,出口,2400000000,6500000,件,欧盟
2024-01,950300,玩具,出口,2800000000,125000000,个,美国
2024-01,950300,玩具,出口,2100000000,95000000,个,欧盟
2024-01,392410,塑料餐具,出口,850000000,125000000,套,美国
2024-01,870891,汽车配件,出口,1800000000,42000000,件,美国
2024-01,870891,汽车配件,出口,1450000000,35000000,件,欧盟
2024-01,850440,锂电池,出口,4200000000,280000000,个,欧盟
2024-01,850440,锂电池,出口,3800000000,250000000,个,美国
2024-01,854143,太阳能电池,出口,3100000000,8500000,个,欧盟
2024-01,854143,太阳能电池,出口,2800000000,7800000,个,美国
2024-01,330410,口红化妆品,进口,950000000,42000000,支,法国
2024-01,330410,口红化妆品,进口,780000000,35000000,支,韩国
2024-01,020120,冷冻牛肉,进口,1200000000,85000,吨,巴西
2024-01,020120,冷冻牛肉,进口,950000000,68000,吨,阿根廷
2024-01,100190,小麦,进口,1800000000,3200000,吨,美国
2024-01,100190,小麦,进口,1450000000,2600000,吨,澳大利亚
2024-02,851712,智能手机,出口,9800000000,67000000,台,美国
2024-02,851712,智能手机,出口,7200000000,49000000,台,欧盟
2024-02,851712,智能手机,出口,3500000000,23500000,台,东盟
2024-02,847130,笔记本电脑,出口,8200000000,10000000,台,美国
2024-02,847130,笔记本电脑,出口,5400000000,6700000,台,欧盟
2024-02,851761,无线耳机,出口,3200000000,38000000,副,美国
2024-02,851761,无线耳机,出口,2500000000,29000000,副,欧盟
2024-02,620342,棉制男裤,出口,1850000000,72000000,条,美国
2024-02,611020,棉制针织衫,出口,1680000000,79000000,件,美国
2024-02,940350,木质家具,出口,2650000000,7300000,件,美国
2024-02,940350,木质家具,出口,2050000000,5600000,件,欧盟
2024-02,950300,玩具,出口,2350000000,105000000,个,美国
2024-02,392410,塑料餐具,出口,720000000,106000000,套,美国
2024-02,870891,汽车配件,出口,1550000000,36000000,件,美国
2024-02,850440,锂电池,出口,3650000000,245000000,个,欧盟
2024-02,850440,锂电池,出口,3300000000,220000000,个,美国
2024-02,854143,太阳能电池,出口,2680000000,7400000,个,欧盟
2024-02,330410,口红化妆品,进口,820000000,36000000,支,法国
2024-02,330410,口红化妆品,进口,680000000,30000000,支,韩国
2024-02,020120,冷冻牛肉,进口,1050000000,75000,吨,巴西
2024-02,100190,小麦,进口,1550000000,2750000,吨,美国
2024-02,100190,小麦,进口,1280000000,2300000,吨,澳大利亚
2024-03,851712,智能手机,出口,13200000000,90000000,台,美国
2024-03,851712,智能手机,出口,9200000000,62500000,台,欧盟
2024-03,851712,智能手机,出口,4500000000,30000000,台,东盟
2024-03,847130,笔记本电脑,出口,10500000000,12800000,台,美国
2024-03,847130,笔记本电脑,出口,7100000000,8700000,台,欧盟
2024-03,851761,无线耳机,出口,3950000000,47000000,副,美国
2024-03,851761,无线耳机,出口,3050000000,36000000,副,欧盟
2024-03,620342,棉制男裤,出口,2350000000,91000000,条,美国
2024-03,620342,棉制男裤,出口,1920000000,75000000,条,欧盟
2024-03,611020,棉制针织衫,出口,2080000000,98000000,件,美国
2024-03,940350,木质家具,出口,3250000000,8900000,件,美国
2024-03,940350,木质家具,出口,2550000000,6900000,件,欧盟
2024-03,950300,玩具,出口,2950000000,132000000,个,美国
2024-03,950300,玩具,出口,2200000000,100000000,个,欧盟
2024-03,392410,塑料餐具,出口,880000000,130000000,套,美国
2024-03,870891,汽车配件,出口,1850000000,43000000,件,美国
2024-03,870891,汽车配件,出口,1500000000,36500000,件,欧盟
2024-03,850440,锂电池,出口,4350000000,290000000,个,欧盟
2024-03,850440,锂电池,出口,3950000000,265000000,个,美国
2024-03,854143,太阳能电池,出口,3250000000,8900000,个,欧盟
2024-03,854143,太阳能电池,出口,2950000000,8200000,个,美国
2024-03,330410,口红化妆品,进口,980000000,43500000,支,法国
2024-03,330410,口红化妆品,进口,810000000,36500000,支,韩国
2024-03,020120,冷冻牛肉,进口,1250000000,89000,吨,巴西
2024-03,020120,冷冻牛肉,进口,990000000,71000,吨,阿根廷
2024-03,100190,小麦,进口,1750000000,3100000,吨,美国
2024-03,100190,小麦,进口,1400000000,2500000,吨,澳大利亚
2024-04,851712,智能手机,出口,12800000000,87000000,台,美国
2024-04,851712,智能手机,出口,8900000000,60500000,台,欧盟
2024-04,851712,智能手机,出口,4300000000,28700000,台,东盟
2024-04,847130,笔记本电脑,出口,9950000000,12200000,台,美国
2024-04,847130,笔记本电脑,出口,6800000000,8300000,台,欧盟
2024-04,851761,无线耳机,出口,3700000000,44000000,副,美国
2024-04,851761,无线耳机,出口,2850000000,33500000,副,欧盟
2024-04,620342,棉制男裤,出口,2150000000,83000000,条,美国
2024-04,611020,棉制针织衫,出口,1980000000,93500000,件,美国
2024-04,940350,木质家具,出口,3050000000,8350000,件,美国
2024-04,940350,木质家具,出口,2350000000,6400000,件,欧盟
2024-04,950300,玩具,出口,2750000000,123000000,个,美国
2024-04,392410,塑料餐具,出口,830000000,122000000,套,美国
2024-04,870891,汽车配件,出口,1720000000,40000000,件,美国
2024-04,850440,锂电池,出口,4100000000,275000000,个,欧盟
2024-04,850440,锂电池,出口,3700000000,248000000,个,美国
2024-04,854143,太阳能电池,出口,3050000000,8350000,个,欧盟
2024-04,330410,口红化妆品,进口,910000000,40500000,支,法国
2024-04,020120,冷冻牛肉,进口,1180000000,84000,吨,巴西
2024-04,100190,小麦,进口,1620000000,2900000,吨,美国
2024-04,100190,小麦,进口,1320000000,2370000,吨,澳大利亚
2024-05,851712,智能手机,出口,13500000000,91800000,台,美国
2024-05,851712,智能手机,出口,9350000000,63500000,台,欧盟
2024-05,851712,智能手机,出口,4600000000,30700000,台,东盟
2024-05,847130,笔记本电脑,出口,10200000000,12400000,台,美国
2024-05,847130,笔记本电脑,出口,6950000000,8500000,台,欧盟
2024-05,851761,无线耳机,出口,3850000000,45500000,副,美国
2024-05,851761,无线耳机,出口,2980000000,35000000,副,欧盟
2024-05,620342,棉制男裤,出口,2280000000,88000000,条,美国
2024-05,611020,棉制针织衫,出口,2030000000,96000000,件,美国
2024-05,940350,木质家具,出口,3150000000,8650000,件,美国
2024-05,950300,玩具,出口,2850000000,128000000,个,美国
2024-05,392410,塑料餐具,出口,860000000,127000000,套,美国
2024-05,870891,汽车配件,出口,1780000000,41500000,件,美国
2024-05,850440,锂电池,出口,4250000000,285000000,个,欧盟
2024-05,850440,锂电池,出口,3880000000,258000000,个,美国
2024-05,854143,太阳能电池,出口,3180000000,8700000,个,欧盟
2024-05,854143,太阳能电池,出口,2880000000,8000000,个,美国
2024-05,330410,口红化妆品,进口,935000000,41500000,支,法国
2024-05,330410,口红化妆品,进口,765000000,34500000,支,韩国
2024-05,020120,冷冻牛肉,进口,1220000000,87000,吨,巴西
2024-05,100190,小麦,进口,1700000000,3050000,吨,美国
2024-05,100190,小麦,进口,1380000000,2480000,吨,澳大利亚
2024-06,851712,智能手机,出口,14200000000,96500000,台,美国
2024-06,851712,智能手机,出口,9800000000,66500000,台,欧盟
2024-06,851712,智能手机,出口,4800000000,32000000,台,东盟
2024-06,847130,笔记本电脑,出口,10800000000,13200000,台,美国
2024-06,847130,笔记本电脑,出口,7300000000,9000000,台,欧盟
2024-06,851761,无线耳机,出口,4050000000,48000000,副,美国
2024-06,851761,无线耳机,出口,3150000000,37000000,副,欧盟
2024-06,620342,棉制男裤,出口,2400000000,93000000,条,美国
2024-06,620342,棉制男裤,出口,1980000000,77000000,条,欧盟
2024-06,611020,棉制针织衫,出口,2150000000,101000000,件,美国
2024-06,940350,木质家具,出口,3350000000,9200000,件,美国
2024-06,940350,木质家具,出口,2600000000,7100000,件,欧盟
2024-06,950300,玩具,出口,3050000000,137000000,个,美国
2024-06,950300,玩具,出口,2350000000,106000000,个,欧盟
2024-06,392410,塑料餐具,出口,900000000,133000000,套,美国
2024-06,870891,汽车配件,出口,1950000000,45500000,件,美国
2024-06,870891,汽车配件,出口,1580000000,38500000,件,欧盟
2024-06,850440,锂电池,出口,4450000000,298000000,个,欧盟
2024-06,850440,锂电池,出口,4080000000,272000000,个,美国
2024-06,854143,太阳能电池,出口,3350000000,9200000,个,欧盟
2024-06,854143,太阳能电池,出口,3050000000,8450000,个,美国
2024-06,330410,口红化妆品,进口,1020000000,45000000,支,法国
2024-06,330410,口红化妆品,进口,835000000,37500000,支,韩国
2024-06,020120,冷冻牛肉,进口,1320000000,94000,吨,巴西
2024-06,020120,冷冻牛肉,进口,1050000000,75000,吨,阿根廷
2024-06,100190,小麦,进口,1850000000,3300000,吨,美国
2024-06,100190,小麦,进口,1500000000,2700000,吨,澳大利亚
2024-07,851712,智能手机,出口,13800000000,94000000,台,美国
2024-07,851712,智能手机,出口,9550000000,65000000,台,欧盟
2024-07,851712,智能手机,出口,4650000000,31200000,台,东盟
2024-07,847130,笔记本电脑,出口,10500000000,12800000,台,美国
2024-07,847130,笔记本电脑,出口,7100000000,8700000,台,欧盟
2024-07,851761,无线耳机,出口,3950000000,47000000,副,美国
2024-07,851761,无线耳机,出口,3050000000,36000000,副,欧盟
2024-07,620342,棉制男裤,出口,2320000000,89500000,条,美国
2024-07,611020,棉制针织衫,出口,2080000000,98000000,件,美国
2024-07,940350,木质家具,出口,3250000000,8900000,件,美国
2024-07,950300,玩具,出口,2950000000,132000000,个,美国
2024-07,392410,塑料餐具,出口,875000000,129000000,套,美国
2024-07,870891,汽车配件,出口,1820000000,42500000,件,美国
2024-07,850440,锂电池,出口,4320000000,290000000,个,欧盟
2024-07,850440,锂电池,出口,3920000000,262000000,个,美国
2024-07,854143,太阳能电池,出口,3250000000,8900000,个,欧盟
2024-07,330410,口红化妆品,进口,965000000,43000000,支,法国
2024-07,020120,冷冻牛肉,进口,1280000000,91000,吨,巴西
2024-07,100190,小麦,进口,1720000000,3080000,吨,美国
2024-07,100190,小麦,进口,1400000000,2520000,吨,澳大利亚
2024-08,851712,智能手机,出口,14500000000,98500000,台,美国
2024-08,851712,智能手机,出口,10000000000,68000000,台,欧盟
2024-08,851712,智能手机,出口,4900000000,32800000,台,东盟
2024-08,847130,笔记本电脑,出口,11000000000,13400000,台,美国
2024-08,847130,笔记本电脑,出口,7450000000,9100000,台,欧盟
2024-08,851761,无线耳机,出口,4150000000,49000000,副,美国
2024-08,851761,无线耳机,出口,3250000000,38500000,副,欧盟
2024-08,620342,棉制男裤,出口,2450000000,94500000,条,美国
2024-08,620342,棉制男裤,出口,2020000000,78500000,条,欧盟
2024-08,611020,棉制针织衫,出口,2200000000,104000000,件,美国
2024-08,940350,木质家具,出口,3450000000,9450000,件,美国
2024-08,940350,木质家具,出口,2700000000,7350000,件,欧盟
2024-08,950300,玩具,出口,3150000000,141000000,个,美国
2024-08,950300,玩具,出口,2420000000,109000000,个,欧盟
2024-08,392410,塑料餐具,出口,920000000,136000000,套,美国
2024-08,870891,汽车配件,出口,1980000000,46200000,件,美国
2024-08,870891,汽车配件,出口,1620000000,39500000,件,欧盟
2024-08,850440,锂电池,出口,4520000000,302000000,个,欧盟
2024-08,850440,锂电池,出口,4150000000,278000000,个,美国
2024-08,854143,太阳能电池,出口,3420000000,9350000,个,欧盟
2024-08,854143,太阳能电池,出口,3120000000,8650000,个,美国
2024-08,330410,口红化妆品,进口,1050000000,46500000,支,法国
2024-08,330410,口红化妆品,进口,860000000,39000000,支,韩国
2024-08,020120,冷冻牛肉,进口,1350000000,96000,吨,巴西
2024-08,020120,冷冻牛肉,进口,1080000000,77000,吨,阿根廷
2024-08,100190,小麦,进口,1880000000,3360000,吨,美国
2024-08,100190,小麦,进口,1520000000,2730000,吨,澳大利亚
2024-09,851712,智能手机,出口,14000000000,95000000,台,美国
2024-09,851712,智能手机,出口,9650000000,65500000,台,欧盟
2024-09,851712,智能手机,出口,4550000000,30500000,台,东盟
2024-09,847130,笔记本电脑,出口,10600000000,12900000,台,美国
2024-09,847130,笔记本电脑,出口,7200000000,8800000,台,欧盟
2024-09,851761,无线耳机,出口,4000000000,47500000,副,美国
2024-09,851761,无线耳机,出口,3100000000,36500000,副,欧盟
2024-09,620342,棉制男裤,出口,2380000000,92000000,条,美国
2024-09,611020,棉制针织衫,出口,2120000000,100000000,件,美国
2024-09,940350,木质家具,出口,3300000000,9050000,件,美国
2024-09,950300,玩具,出口,2980000000,134000000,个,美国
2024-09,392410,塑料餐具,出口,885000000,131000000,套,美国
2024-09,870891,汽车配件,出口,1880000000,43800000,件,美国
2024-09,850440,锂电池,出口,4400000000,293000000,个,欧盟
2024-09,850440,锂电池,出口,4000000000,268000000,个,美国
2024-09,854143,太阳能电池,出口,3300000000,9050000,个,欧盟
2024-09,330410,口红化妆品,进口,985000000,44000000,支,法国
2024-09,020120,冷冻牛肉,进口,1300000000,92500,吨,巴西
2024-09,100190,小麦,进口,1760000000,3150000,吨,美国
2024-09,100190,小麦,进口,1430000000,2560000,吨,澳大利亚
2024-10,851712,智能手机,出口,14800000000,100500000,台,美国
2024-10,851712,智能手机,出口,10200000000,69200000,台,欧盟
2024-10,851712,智能手机,出口,5000000000,33500000,台,东盟
2024-10,847130,笔记本电脑,出口,11200000000,13700000,台,美国
2024-10,847130,笔记本电脑,出口,7550000000,9250000,台,欧盟
2024-10,851761,无线耳机,出口,4250000000,50500000,副,美国
2024-10,851761,无线耳机,出口,3350000000,39500000,副,欧盟
2024-10,620342,棉制男裤,出口,2500000000,96500000,条,美国
2024-10,620342,棉制男裤,出口,2050000000,79500000,条,欧盟
2024-10,611020,棉制针织衫,出口,2250000000,106000000,件,美国
2024-10,940350,木质家具,出口,3550000000,9750000,件,美国
2024-10,940350,木质家具,出口,2750000000,7500000,件,欧盟
2024-10,950300,玩具,出口,3250000000,146000000,个,美国
2024-10,950300,玩具,出口,2480000000,112000000,个,欧盟
2024-10,392410,塑料餐具,出口,940000000,139000000,套,美国
2024-10,870891,汽车配件,出口,2000000000,46800000,件,美国
2024-10,870891,汽车配件,出口,1650000000,40200000,件,欧盟
2024-10,850440,锂电池,出口,4620000000,308000000,个,欧盟
2024-10,850440,锂电池,出口,4220000000,282000000,个,美国
2024-10,854143,太阳能电池,出口,3500000000,9550000,个,欧盟
2024-10,854143,太阳能电池,出口,3180000000,8800000,个,美国
2024-10,330410,口红化妆品,进口,1080000000,48000000,支,法国
2024-10,330410,口红化妆品,进口,885000000,39800000,支,韩国
2024-10,020120,冷冻牛肉,进口,1380000000,98000,吨,巴西
2024-10,020120,冷冻牛肉,进口,1100000000,78500,吨,阿根廷
2024-10,100190,小麦,进口,1920000000,3430000,吨,美国
2024-10,100190,小麦,进口,1550000000,2790000,吨,澳大利亚
2024-11,851712,智能手机,出口,15500000000,105000000,台,美国
2024-11,851712,智能手机,出口,10700000000,72500000,台,欧盟
2024-11,851712,智能手机,出口,5200000000,34800000,台,东盟
2024-11,847130,笔记本电脑,出口,11500000000,14000000,台,美国
2024-11,847130,笔记本电脑,出口,7800000000,9500000,台,欧盟
2024-11,851761,无线耳机,出口,4350000000,51500000,副,美国
2024-11,851761,无线耳机,出口,3450000000,40500000,副,欧盟
2024-11,620342,棉制男裤,出口,2550000000,98500000,条,美国
2024-11,611020,棉制针织衫,出口,2300000000,108000000,件,美国
2024-11,940350,木质家具,出口,3650000000,10000000,件,美国
2024-11,950300,玩具,出口,3350000000,150000000,个,美国
2024-11,392410,塑料餐具,出口,965000000,142000000,套,美国
2024-11,870891,汽车配件,出口,2050000000,47800000,件,美国
2024-11,850440,锂电池,出口,4700000000,314000000,个,欧盟
2024-11,850440,锂电池,出口,4300000000,287000000,个,美国
2024-11,854143,太阳能电池,出口,3580000000,9780000,个,欧盟
2024-11,854143,太阳能电池,出口,3250000000,9000000,个,美国
2024-11,330410,口红化妆品,进口,1120000000,49500000,支,法国
2024-11,020120,冷冻牛肉,进口,1420000000,101000,吨,巴西
2024-11,100190,小麦,进口,1950000000,3490000,吨,美国
2024-11,100190,小麦,进口,1580000000,2840000,吨,澳大利亚
2024-12,851712,智能手机,出口,16200000000,110000000,台,美国
2024-12,851712,智能手机,出口,11200000000,76000000,台,欧盟
2024-12,851712,智能手机,出口,5450000000,36500000,台,东盟
2024-12,847130,笔记本电脑,出口,12000000000,14600000,台,美国
2024-12,847130,笔记本电脑,出口,8100000000,9900000,台,欧盟
2024-12,851761,无线耳机,出口,4500000000,53000000,副,美国
2024-12,851761,无线耳机,出口,3550000000,42000000,副,欧盟
2024-12,620342,棉制男裤,出口,2620000000,101000000,条,美国
2024-12,620342,棉制男裤,出口,2120000000,82500000,条,欧盟
2024-12,611020,棉制针织衫,出口,2380000000,112000000,件,美国
2024-12,940350,木质家具,出口,3750000000,10300000,件,美国
2024-12,940350,木质家具,出口,2850000000,7800000000,件,欧盟
2024-12,950300,玩具,出口,3450000000,155000000,个,美国
2024-12,950300,玩具,出口,2580000000,116000000,个,欧盟
2024-12,392410,塑料餐具,出口,985000000,145000000,套,美国
2024-12,870891,汽车配件,出口,2120000000,49500000,件,美国
2024-12,870891,汽车配件,出口,1700000000,415000000,件,欧盟
2024-12,850440,锂电池,出口,4800000000,320000000,个,欧盟
2024-12,850440,锂电池,出口,4380000000,292000000,个,美国
2024-12,854143,太阳能电池,出口,3650000000,10000000,个,欧盟
2024-12,854143,太阳能电池,出口,3320000000,9200000,个,美国
2024-12,330410,口红化妆品,进口,1150000000,51000000,支,法国
2024-12,330410,口红化妆品,进口,920000000,41500000,支,韩国
2024-12,020120,冷冻牛肉,进口,1450000000,103000,吨,巴西
2024-12,020120,冷冻牛肉,进口,1120000000,80000,吨,阿根廷
2024-12,100190,小麦,进口,1980000000,3550000,吨,美国
2024-12,100190,小麦,进口,1600000000,2880000,吨,澳大利亚
2025-01,851712,智能手机,出口,13200000000,92000000,台,美国
2025-01,851712,智能手机,出口,9200000000,63000000,台,欧盟
2025-01,851712,智能手机,出口,4600000000,31000000,台,东盟
2025-01,847130,笔记本电脑,出口,10500000000,13000000,台,美国
2025-01,847130,笔记本电脑,出口,6800000000,8500000,台,欧盟
2025-01,851761,无线耳机,出口,4100000000,48500000,副,美国
2025-01,851761,无线耳机,出口,3200000000,37500000,副,欧盟
2025-01,620342,棉制男裤,出口,2350000000,93000000,条,美国
2025-01,611020,棉制针织衫,出口,2050000000,97000000,件,美国
2025-01,940350,木质家具,出口,3300000000,9100000,件,美国
2025-01,950300,玩具,出口,3000000000,135000000,个,美国
2025-01,392410,塑料餐具,出口,900000000,133000000,套,美国
2025-01,870891,汽车配件,出口,1920000000,45000000,件,美国
2025-01,850440,锂电池,出口,4550000000,305000000,个,欧盟
2025-01,850440,锂电池,出口,4150000000,278000000,个,美国
2025-01,854143,太阳能电池,出口,3350000000,9200000,个,欧盟
2025-01,854143,太阳能电池,出口,3050000000,8500000,个,美国
2025-01,330410,口红化妆品,进口,1020000000,45500000,支,法国
2025-01,330410,口红化妆品,进口,825000000,37000000,支,韩国
2025-01,020120,冷冻牛肉,进口,1280000000,91000,吨,巴西
2025-01,020120,冷冻牛肉,进口,1020000000,73000,吨,阿根廷
2025-01,100190,小麦,进口,1850000000,3320000,吨,美国
2025-01,100190,小麦,进口,1500000000,2700000,吨,澳大利亚
2025-02,851712,智能手机,出口,10500000000,71500000,台,美国
2025-02,851712,智能手机,出口,7500000000,51000000,台,欧盟
2025-02,851712,智能手机,出口,3800000000,25500000,台,东盟
2025-02,847130,笔记本电脑,出口,8800000000,10800000,台,美国
2025-02,847130,笔记本电脑,出口,5700000000,7000000,台,欧盟
2025-02,851761,无线耳机,出口,3450000000,41000000,副,美国
2025-02,851761,无线耳机,出口,2680000000,31500000,副,欧盟
2025-02,620342,棉制男裤,出口,1980000000,77000000,条,美国
2025-02,611020,棉制针织衫,出口,1750000000,82500000,件,美国
2025-02,940350,木质家具,出口,2800000000,7700000,件,美国
2025-02,950300,玩具,出口,2520000000,113000000,个,美国
2025-02,392410,塑料餐具,出口,765000000,113000000,套,美国
2025-02,870891,汽车配件,出口,1620000000,38000000,件,美国
2025-02,850440,锂电池,出口,3900000000,260000000,个,欧盟
2025-02,850440,锂电池,出口,3550000000,237000000,个,美国
2025-02,854143,太阳能电池,出口,2850000000,7800000,个,欧盟
2025-02,854143,太阳能电池,出口,2600000000,7200000,个,美国
2025-02,330410,口红化妆品,进口,875000000,39000000,支,法国
2025-02,020120,冷冻牛肉,进口,1120000000,80000,吨,巴西
2025-02,100190,小麦,进口,1600000000,2870000,吨,美国
2025-02,100190,小麦,进口,1300000000,2340000,吨,澳大利亚
2025-03,851712,智能手机,出口,14000000000,95000000,台,美国
2025-03,851712,智能手机,出口,9800000000,66500000,台,欧盟
2025-03,851712,智能手机,出口,4900000000,32800000,台,东盟
2025-03,847130,笔记本电脑,出口,11200000000,13700000,台,美国
2025-03,847130,笔记本电脑,出口,7400000000,9100000,台,欧盟
2025-03,851761,无线耳机,出口,4250000000,50000000,副,美国
2025-03,851761,无线耳机,出口,3300000000,39000000,副,欧盟
2025-03,620342,棉制男裤,出口,2500000000,96500000,条,美国
2025-03,620342,棉制男裤,出口,2050000000,80000000,条,欧盟
2025-03,611020,棉制针织衫,出口,2200000000,104000000,件,美国
2025-03,940350,木质家具,出口,3450000000,9450000,件,美国
2025-03,940350,木质家具,出口,2700000000,7400000,件,欧盟
2025-03,950300,玩具,出口,3150000000,141000000,个,美国
2025-03,950300,玩具,出口,2400000000,108000000,个,欧盟
2025-03,392410,塑料餐具,出口,935000000,138000000,套,美国
2025-03,870891,汽车配件,出口,1980000000,46200000,件,美国
2025-03,870891,汽车配件,出口,1600000000,39000000,件,欧盟
2025-03,850440,锂电池,出口,4650000000,310000000,个,欧盟
2025-03,850440,锂电池,出口,4250000000,283000000,个,美国
2025-03,854143,太阳能电池,出口,3450000000,9450000,个,欧盟
2025-03,854143,太阳能电池,出口,3150000000,8700000,个,美国
2025-03,330410,口红化妆品,进口,1050000000,46500000,支,法国
2025-03,330410,口红化妆品,进口,855000000,38500000,支,韩国
2025-03,020120,冷冻牛肉,进口,1350000000,96000,吨,巴西
2025-03,020120,冷冻牛肉,进口,1080000000,77000,吨,阿根廷
2025-03,100190,小麦,进口,1820000000,3260000,吨,美国
2025-03,100190,小麦,进口,1450000000,2600000,吨,澳大利亚
2025-04,851712,智能手机,出口,13500000000,92000000,台,美国
2025-04,851712,智能手机,出口,9450000000,64200000,台,欧盟
2025-04,851712,智能手机,出口,4700000000,31500000,台,东盟
2025-04,847130,笔记本电脑,出口,10800000000,13200000,台,美国
2025-04,847130,笔记本电脑,出口,7150000000,8750000,台,欧盟
2025-04,851761,无线耳机,出口,4050000000,48000000,副,美国
2025-04,851761,无线耳机,出口,3150000000,37000000,副,欧盟
2025-04,620342,棉制男裤,出口,2300000000,89000000,条,美国
2025-04,611020,棉制针织衫,出口,2100000000,99000000,件,美国
2025-04,940350,木质家具,出口,3250000000,8900000,件,美国
2025-04,950300,玩具,出口,2950000000,132000000,个,美国
2025-04,392410,塑料餐具,出口,885000000,130000000,套,美国
2025-04,870891,汽车配件,出口,1840000000,43000000,件,美国
2025-04,850440,锂电池,出口,4420000000,295000000,个,欧盟
2025-04,850440,锂电池,出口,4000000000,267000000,个,美国
2025-04,854143,太阳能电池,出口,3250000000,8900000,个,欧盟
2025-04,330410,口红化妆品,进口,980000000,43500000,支,法国
2025-04,020120,冷冻牛肉,进口,1250000000,89000,吨,巴西
2025-04,100190,小麦,进口,1700000000,3050000,吨,美国
2025-04,100190,小麦,进口,1380000000,2480000,吨,澳大利亚
2025-05,851712,智能手机,出口,14300000000,97200000,台,美国
2025-05,851712,智能手机,出口,9950000000,67500000,台,欧盟
2025-05,851712,智能手机,出口,5000000000,33500000,台,东盟
2025-05,847130,笔记本电脑,出口,11500000000,14000000,台,美国
2025-05,847130,笔记本电脑,出口,7700000000,9450000,台,欧盟
2025-05,851761,无线耳机,出口,4350000000,51500000,副,美国
2025-05,851761,无线耳机,出口,3400000000,40000000,副,欧盟
2025-05,620342,棉制男裤,出口,2450000000,94500000,条,美国
2025-05,611020,棉制针织衫,出口,2150000000,102000000,件,美国
2025-05,940350,木质家具,出口,3550000000,9750000,件,美国
2025-05,950300,玩具,出口,3250000000,146000000,个,美国
2025-05,392410,塑料餐具,出口,925000000,136000000,套,美国
2025-05,870891,汽车配件,出口,2050000000,48000000,件,美国
2025-05,850440,锂电池,出口,4750000000,317000000,个,欧盟
2025-05,850440,锂电池,出口,4320000000,288000000,个,美国
2025-05,854143,太阳能电池,出口,3550000000,9700000,个,欧盟
2025-05,854143,太阳能电池,出口,3220000000,8900000,个,美国
2025-05,330410,口红化妆品,进口,1080000000,48000000,支,法国
2025-05,330410,口红化妆品,进口,890000000,40000000,支,韩国
2025-05,020120,冷冻牛肉,进口,1320000000,94000,吨,巴西
2025-05,020120,冷冻牛肉,进口,1050000000,75000,吨,阿根廷
2025-05,100190,小麦,进口,1780000000,3180000,吨,美国
2025-05,100190,小麦,进口,1420000000,2550000,吨,澳大利亚
2025-06,851712,智能手机,出口,15000000000,102000000,台,美国
2025-06,851712,智能手机,出口,10500000000,71000000,台,欧盟
2025-06,851712,智能手机,出口,5250000000,35200000,台,东盟
2025-06,847130,笔记本电脑,出口,12000000000,14600000,台,美国
2025-06,847130,笔记本电脑,出口,8000000000,9800000,台,欧盟
2025-06,851761,无线耳机,出口,4550000000,54000000,副,美国
2025-06,851761,无线耳机,出口,3550000000,42000000,副,欧盟
2025-06,620342,棉制男裤,出口,2550000000,98500000,条,美国
2025-06,620342,棉制男裤,出口,2100000000,81500000,条,欧盟
2025-06,611020,棉制针织衫,出口,2280000000,107000000,件,美国
2025-06,940350,木质家具,出口,3700000000,10100000,件,美国
2025-06,940350,木质家具,出口,2850000000,7750000,件,欧盟
2025-06,950300,玩具,出口,3450000000,155000000,个,美国
2025-06,950300,玩具,出口,2550000000,115000000,个,欧盟
2025-06,392410,塑料餐具,出口,965000000,142000000,套,美国
2025-06,870891,汽车配件,出口,2150000000,50000000,件,美国
2025-06,870891,汽车配件,出口,1720000000,42000000,件,欧盟
2025-06,850440,锂电池,出口,4850000000,323000000,个,欧盟
2025-06,850440,锂电池,出口,4450000000,297000000,个,美国
2025-06,854143,太阳能电池,出口,3650000000,10000000,个,欧盟
2025-06,854143,太阳能电池,出口,3350000000,9300000,个,美国
2025-06,330410,口红化妆品,进口,1150000000,51000000,支,法国
2025-06,330410,口红化妆品,进口,935000000,42000000,支,韩国
2025-06,020120,冷冻牛肉,进口,1400000000,100000,吨,巴西
2025-06,020120,冷冻牛肉,进口,1120000000,80000,吨,阿根廷
2025-06,100190,小麦,进口,1920000000,3450000,吨,美国
2025-06,100190,小麦,进口,1550000000,2790000,吨,澳大利亚
2025-07,851712,智能手机,出口,14500000000,98500000,台,美国
2025-07,851712,智能手机,出口,10000000000,68000000,台,欧盟
2025-07,851712,智能手机,出口,4800000000,32000000,台,东盟
2025-07,847130,笔记本电脑,出口,11500000000,14100000,台,美国
2025-07,847130,笔记本电脑,出口,7700000000,9450000,台,欧盟
2025-07,851761,无线耳机,出口,4450000000,52500000,副,美国
2025-07,851761,无线耳机,出口,3450000000,40500000,副,欧盟
2025-07,620342,棉制男裤,出口,2480000000,96000000,条,美国
2025-07,611020,棉制针织衫,出口,2200000000,104000000,件,美国
2025-07,940350,木质家具,出口,3600000000,9900000,件,美国
2025-07,950300,玩具,出口,3350000000,150000000,个,美国
2025-07,392410,塑料餐具,出口,945000000,139000000,套,美国
2025-07,870891,汽车配件,出口,2080000000,48600000,件,美国
2025-07,850440,锂电池,出口,4720000000,315000000,个,欧盟
2025-07,850440,锂电池,出口,4300000000,285000000,个,美国
2025-07,854143,太阳能电池,出口,3580000000,9800000,个,欧盟
2025-07,330410,口红化妆品,进口,1100000000,49000000,支,法国
2025-07,020120,冷冻牛肉,进口,1350000000,96000,吨,巴西
2025-07,100190,小麦,进口,1830000000,3280000,吨,美国
2025-07,100190,小麦,进口,1480000000,2660000,吨,澳大利亚
2025-08,851712,智能手机,出口,15200000000,103500000,台,美国
2025-08,851712,智能手机,出口,10500000000,71200000,台,欧盟
2025-08,851712,智能手机,出口,5350000000,35800000,台,东盟
2025-08,847130,笔记本电脑,出口,11800000000,144000000,台,美国
2025-08,847130,笔记本电脑,出口,7900000000,9650000,台,欧盟
2025-08,851761,无线耳机,出口,4650000000,55000000,副,美国
2025-08,851761,无线耳机,出口,3600000000,42500000,副,欧盟
2025-08,620342,棉制男裤,出口,2580000000,99500000,条,美国
2025-08,620342,棉制男裤,出口,2120000000,82500000,条,欧盟
2025-08,611020,棉制针织衫,出口,2350000000,111000000,件,美国
2025-08,940350,木质家具,出口,3800000000,10400000,件,美国
2025-08,940350,木质家具,出口,2950000000,8050000,件,欧盟
2025-08,950300,玩具,出口,3550000000,159000000,个,美国
2025-08,950300,玩具,出口,2620000000,118000000,个,欧盟
2025-08,392410,塑料餐具,出口,985000000,145000000,套,美国
2025-08,870891,汽车配件,出口,2180000000,50800000,件,美国
2025-08,870891,汽车配件,出口,1750000000,42800000,件,欧盟
2025-08,850440,锂电池,出口,4920000000,328000000,个,欧盟
2025-08,850440,锂电池,出口,4500000000,300000000,个,美国
2025-08,854143,太阳能电池,出口,3720000000,10200000,个,欧盟
2025-08,854143,太阳能电池,出口,3400000000,9400000,个,美国
2025-08,330410,口红化妆品,进口,1180000000,52500000,支,法国
2025-08,330410,口红化妆品,进口,955000000,43000000,支,韩国
2025-08,020120,冷冻牛肉,进口,1450000000,103000,吨,巴西
2025-08,020120,冷冻牛肉,进口,1150000000,82000,吨,阿根廷
2025-08,100190,小麦,进口,1980000000,3550000,吨,美国
2025-08,100190,小麦,进口,1600000000,2880000,吨,澳大利亚
2025-09,851712,智能手机,出口,14800000000,100500000,台,美国
2025-09,851712,智能手机,出口,10200000000,69200000,台,欧盟
2025-09,851712,智能手机,出口,5100000000,34200000,台,东盟
2025-09,847130,笔记本电脑,出口,11500000000,14000000,台,美国
2025-09,847130,笔记本电脑,出口,7750000000,9500000,台,欧盟
2025-09,851761,无线耳机,出口,4500000000,53000000,副,美国
2025-09,851761,无线耳机,出口,3500000000,41200000,副,欧盟
2025-09,620342,棉制男裤,出口,2520000000,97500000,条,美国
2025-09,611020,棉制针织衫,出口,2280000000,108000000,件,美国
2025-09,940350,木质家具,出口,3650000000,10000000,件,美国
2025-09,950300,玩具,出口,3380000000,152000000,个,美国
2025-09,392410,塑料餐具,出口,958000000,141000000,套,美国
2025-09,870891,汽车配件,出口,2120000000,49500000,件,美国
2025-09,850440,锂电池,出口,4800000000,320000000,个,欧盟
2025-09,850440,锂电池,出口,4380000000,292000000,个,美国
2025-09,854143,太阳能电池,出口,3620000000,9900000,个,欧盟
2025-09,330410,口红化妆品,进口,1120000000,50000000,支,法国
2025-09,020120,冷冻牛肉,进口,1380000000,98500,吨,巴西
2025-09,100190,小麦,进口,1880000000,3370000,吨,美国
2025-09,100190,小麦,进口,1520000000,2730000,吨,澳大利亚
2025-10,851712,智能手机,出口,15800000000,107000000,台,美国
2025-10,851712,智能手机,出口,10800000000,73200000,台,欧盟
2025-10,851712,智能手机,出口,5500000000,36800000,台,东盟
2025-10,847130,笔记本电脑,出口,12200000000,14900000,台,美国
2025-10,847130,笔记本电脑,出口,8200000000,10000000,台,欧盟
2025-10,851761,无线耳机,出口,4700000000,55500000,副,美国
2025-10,851761,无线耳机,出口,3650000000,43000000,副,欧盟
2025-10,620342,棉制男裤,出口,2620000000,101000000,条,美国
2025-10,620342,棉制男裤,出口,2150000000,83500000,条,欧盟
2025-10,611020,棉制针织衫,出口,2380000000,112000000,件,美国
2025-10,940350,木质家具,出口,3850000000,10500000,件,美国
2025-10,940350,木质家具,出口,2980000000,8120000,件,欧盟
2025-10,950300,玩具,出口,3650000000,164000000,个,美国
2025-10,950300,玩具,出口,2680000000,121000000,个,欧盟
2025-10,392410,塑料餐具,出口,995000000,147000000,套,美国
2025-10,870891,汽车配件,出口,2220000000,51800000,件,美国
2025-10,870891,汽车配件,出口,1780000000,43500000,件,欧盟
2025-10,850440,锂电池,出口,5000000000,333000000,个,欧盟
2025-10,850440,锂电池,出口,4580000000,305000000,个,美国
2025-10,854143,太阳能电池,出口,3750000000,10300000,个,欧盟
2025-10,854143,太阳能电池,出口,3450000000,9550000,个,美国
2025-10,330410,口红化妆品,进口,1200000000,53500000,支,法国
2025-10,330410,口红化妆品,进口,975000000,44000000,支,韩国
2025-10,020120,冷冻牛肉,进口,1480000000,105000,吨,巴西
2025-10,020120,冷冻牛肉,进口,1180000000,84500,吨,阿根廷
2025-10,100190,小麦,进口,2020000000,3620000,吨,美国
2025-10,100190,小麦,进口,1620000000,2910000,吨,澳大利亚
2025-11,851712,智能手机,出口,16200000000,110000000,台,美国
2025-11,851712,智能手机,出口,11200000000,76000000,台,欧盟
2025-11,851712,智能手机,出口,5650000000,37800000,台,东盟
2025-11,847130,笔记本电脑,出口,12500000000,15300000,台,美国
2025-11,847130,笔记本电脑,出口,8450000000,10400000,台,欧盟
2025-11,851761,无线耳机,出口,4820000000,57000000,副,美国
2025-11,851761,无线耳机,出口,3750000000,44500000,副,欧盟
2025-11,620342,棉制男裤,出口,2680000000,103500000,条,美国
2025-11,611020,棉制针织衫,出口,2420000000,114000000,件,美国
2025-11,940350,木质家具,出口,3950000000,10800000,件,美国
2025-11,950300,玩具,出口,3780000000,170000000,个,美国
2025-11,392410,塑料餐具,出口,1025000000,151000000,套,美国
2025-11,870891,汽车配件,出口,2280000000,53200000,件,美国
2025-11,850440,锂电池,出口,5100000000,340000000,个,欧盟
2025-11,850440,锂电池,出口,4650000000,310000000,个,美国
2025-11,854143,太阳能电池,出口,3820000000,10500000,个,欧盟
2025-11,854143,太阳能电池,出口,3520000000,9750000,个,美国
2025-11,330410,口红化妆品,进口,1250000000,55500000,支,法国
2025-11,020120,冷冻牛肉,进口,1520000000,108000,吨,巴西
2025-11,100190,小麦,进口,2080000000,3730000,吨,美国
2025-11,100190,小麦,进口,1680000000,3020000,吨,澳大利亚
2025-12,851712,智能手机,出口,16800000000,114000000,台,美国
2025-12,851712,智能手机,出口,11500000000,78000000,台,欧盟
2025-12,851712,智能手机,出口,5800000000,38800000,台,东盟
2025-12,847130,笔记本电脑,出口,12800000000,15600000,台,美国
2025-12,847130,笔记本电脑,出口,8650000000,10600000,台,欧盟
2025-12,851761,无线耳机,出口,4950000000,58500000,副,美国
2025-12,851761,无线耳机,出口,3850000000,45500000,副,欧盟
2025-12,620342,棉制男裤,出口,2750000000,106000000,条,美国
2025-12,620342,棉制男裤,出口,2200000000,85000000,条,欧盟
2025-12,611020,棉制针织衫,出口,2480000000,117000000,件,美国
2025-12,940350,木质家具,出口,4050000000,11100000,件,美国
2025-12,940350,木质家具,出口,3050000000,8350000,件,欧盟
2025-12,950300,玩具,出口,3850000000,173000000,个,美国
2025-12,950300,玩具,出口,2750000000,124000000,个,欧盟
2025-12,392410,塑料餐具,出口,1050000000,155000000,套,美国
2025-12,870891,汽车配件,出口,2350000000,54800000,件,美国
2025-12,870891,汽车配件,出口,1820000000,44500000,件,欧盟
2025-12,850440,锂电池,出口,5180000000,345000000,个,欧盟
2025-12,850440,锂电池,出口,4720000000,315000000,个,美国
2025-12,854143,太阳能电池,出口,3900000000,10700000,个,欧盟
2025-12,854143,太阳能电池,出口,3580000000,9900000,个,美国
2025-12,330410,口红化妆品,进口,1280000000,57000000,支,法国
2025-12,330410,口红化妆品,进口,1020000000,46000000,支,韩国
2025-12,020120,冷冻牛肉,进口,1550000000,110000,吨,巴西
2025-12,020120,冷冻牛肉,进口,1200000000,85700,吨,阿根廷
2025-12,100190,小麦,进口,2120000000,3800000,吨,美国
2025-12,100190,小麦,进口,1700000000,3060000,吨,澳大利亚